{"sidebars":{"widget-socials":["apus_socials_widget-3"],"product-left-sidebar":["text-12","categories-3","apus_recent_post-4","apus_single_image-3"],"product-right-sidebar":["apus_search-2"],"filter-sidebar":["apus_custom_menu-2","apus_search-4"],"sidebar-default":["text-4"],"currency-switcher":["text-6"],"contact-topbar-2":["text-7"],"contact-topbar-1":["text-10"],"sidebar-verticalmenu":[],"blog-left-sidebar":["text-9"],"blog-right-sidebar":["apus_search-5","categories-2","apus_recent_post-3","apus_single_image-2","tag_cloud-3","text-11","apus_instagram-2","archives-2"],"widget-social":["apus_socials_widget-4"]},"widgets":{"pages":{"_multiwidget":1},"calendar":{"_multiwidget":1},"archives":{"2":{"title":"Archives","count":0,"dropdown":0},"_multiwidget":1},"media_audio":{"_multiwidget":1},"media_image":{"_multiwidget":1},"media_gallery":{"_multiwidget":1},"media_video":{"_multiwidget":1},"meta":{"_multiwidget":1},"search":{"_multiwidget":1},"text":{"1":[],"2":{"title":"","text":"<span class=\"info-inner\"><i class=\"fa fa-phone\"><\/i>(  01) 123 456 789<\/span>\r\n<span class=\"info-inner\"><i class=\"fa fa-envelope\"><\/i>Info@Dronetech.com<\/span>","filter":false},"3":{"title":"Text Widgets","text":"Said Californ'y is the place you ought to be So they loaded up the truck and moved to Bev erly. Hills that is. Swimmin' pools movie stars? The weather started getting rough the tiny ship was tossed. ","filter":false},"4":{"title":"","text":"<span><i class=\"fa fa-phone text-theme\"><\/i>+1-92-345-6789<\/span>\r\n<span><i class=\"fa fa-envelope-o text-theme\"><\/i><\/i>info@ecommerceshop.com<\/span>","filter":false},"6":{"title":"","text":"","filter":false},"7":{"title":"","text":"<div class=\"contact\">\r\n<span class=\"phone\">\r\nPhone: (800) 154 2545 , 548 2457\r\n<\/span>\r\n<span class=\"email\">\r\nEmail : <a href=\"#\">noanet@example.com<\/a> \r\n<\/span>\r\n<\/div>","filter":false},"9":{"title":"","text":"<div class=\"media\">\r\n  <div class=\"media-left\">\r\n    <i class=\"mn-icon-1138\"><\/i>\r\n  <\/div>\r\n  <div class=\"media-body\">\r\n  \t<p class=\"info-title\">Store location<\/p>\r\n  \t<p class=\"info\">123 Street Name, United States<\/p>\r\n  <\/div>\r\n<\/div>\r\n<div class=\"media\">\r\n  <div class=\"media-left\">\r\n    <i class=\"mn-icon-256\"><\/i>\r\n  <\/div>\r\n  <div class=\"media-body\">\r\n  \t<p class=\"info-title\">Call us toll free<\/p>\r\n  \t<p class=\"info\">+08 0123 456 <\/p>\r\n  <\/div>\r\n<\/div>","filter":false},"10":{"title":"","text":"<div class=\"phone\">\r\n<span><i class=\"mn-icon-250\"><\/i><\/span> +(800) 154 2545\r\n<\/div>","filter":false},"11":{"title":"About Us","text":"Proin gravida nibh vel velit auctor quet. Aenean sollicitudin, lorem quis bibum auctor, nisi elit consequat.\r\n<br\/><br\/>\r\nDuis sed odio sit amet nibh vulputate cursus a sit amet mauris. \r\n<br\/><br\/>\r\n<a href=\"#\" class=\"text-theme\" style=\"font-style: italic;\">https:\/\/webstrot.com<\/a>","filter":false},"12":{"title":"","text":"[contact-form-7 id=\"2213\" title=\"Contact form 3\"]","filter":false},"_multiwidget":1},"categories":{"2":{"title":"Categories","count":1,"hierarchical":0,"dropdown":0},"3":{"title":"Usefull Links","count":0,"hierarchical":0,"dropdown":0},"_multiwidget":1},"recent-posts":{"_multiwidget":1},"recent-comments":{"_multiwidget":1},"rss":{"1":[],"_multiwidget":1},"tag_cloud":{"2":{"title":"popular tags","taxonomy":"post_tag"},"3":{"title":"Tag Cloud","taxonomy":"post_tag"},"_multiwidget":1},"nav_menu":{"_multiwidget":1},"custom_html":{"_multiwidget":1},"akismet_widget":{"_multiwidget":1},"apus_custom_menu":{"2":{"title":"Custom Menu","nav_menu":"categories"},"_multiwidget":1},"apus_search":{"2":{"title":"Search Products","post_type":"product"},"4":{"title":"Search","post_type":"post"},"5":{"title":"Search","post_type":"post"},"_multiwidget":1},"apus_single_image":{"2":{"title":"","alt":"","link":"#","description":"","single_image":"http:\/\/demoapus-wp.com\/noanet\/wp-content\/uploads\/2016\/12\/add.jpg"},"3":{"title":"","alt":"","link":"#","description":"","single_image":"http:\/\/demoapus-wp.com\/noanet\/wp-content\/uploads\/2016\/12\/add.jpg"},"_multiwidget":1},"apus_recent_post":{"2":{"title":"recent posts","post_type":"post","number_post":"4","layout":"default"},"3":{"title":"POPULAR POST","post_type":"post","number_post":"3","layout":"default"},"4":{"title":"POPULAR POST","post_type":"post","number_post":"3","layout":"default"},"_multiwidget":1},"apus_instagram":{"2":{"title":"Instagram","username":"envato","number":"6","size":"thumbnail","target":"_self","columns":"3"},"_multiwidget":1},"apus_socials_widget":{"2":{"title":"","socials":{"facebook":{"status":"on","name":"Facebook","page_url":"#"},"twitter":{"status":"on","name":"Twitter","page_url":"#"},"youtube":{"name":"Youtube","page_url":""},"pinterest":{"name":"Pinterest","page_url":""},"google-plus":{"status":"on","name":"Google","page_url":"#"},"linkedin":{"status":"on","name":"LinkedIn","page_url":"#"}},"layout":"default"},"3":{"title":"Find us on social networks","socials":{"facebook":{"status":"on","name":"Facebook","page_url":"#"},"twitter":{"status":"on","name":"Twitter","page_url":"#"},"youtube":{"status":"on","name":"Youtube","page_url":"#"},"pinterest":{"name":"Pinterest","page_url":""},"google-plus":{"name":"Google","page_url":""},"linkedin":{"status":"on","name":"LinkedIn","page_url":"#"}},"layout":"default"},"4":{"title":"Find us on social networks","socials":{"facebook":{"status":"on","name":"Facebook","page_url":"#"},"twitter":{"status":"on","name":"Twitter","page_url":"#"},"youtube":{"status":"on","name":"Youtube","page_url":"#"},"pinterest":{"name":"Pinterest","page_url":""},"google-plus":{"name":"Google","page_url":""},"linkedin":{"status":"on","name":"LinkedIn","page_url":"#"}},"layout":"default"},"_multiwidget":1},"kc_widget_content":{"_multiwidget":1},"rev-slider-widget":{"_multiwidget":1},"woocommerce_widget_cart":{"_multiwidget":1},"woocommerce_layered_nav_filters":{"2":{"title":"Active Filters"},"_multiwidget":1},"woocommerce_layered_nav":{"2":{"title":"Filter by","attribute":"sizse","display_type":"list","query_type":"and"},"3":{"title":"Filter by Color","attribute":"color","display_type":"list","query_type":"and"},"4":{"title":"Filter by Size","attribute":"sizse","display_type":"list","query_type":"and"},"_multiwidget":1},"woocommerce_price_filter":{"2":{"title":"Filter by price"},"3":{"title":"prices"},"4":{"title":"Filter by price"},"5":{"title":"Filter by price"},"_multiwidget":1},"woocommerce_product_categories":{"2":{"title":"Product Categories","orderby":"name","dropdown":0,"count":0,"hierarchical":1,"show_children_only":0,"hide_empty":0},"3":{"title":"Categories","orderby":"name","dropdown":0,"count":1,"hierarchical":0,"show_children_only":0,"hide_empty":0},"4":{"title":"Product Categories","orderby":"name","dropdown":0,"count":0,"hierarchical":1,"show_children_only":0,"hide_empty":0},"_multiwidget":1},"woocommerce_product_search":{"_multiwidget":1},"woocommerce_product_tag_cloud":{"2":{"title":"Product Tags"},"_multiwidget":1},"woocommerce_products":{"2":{"title":"Featured Products","number":4,"show":"featured","orderby":"date","order":"desc","hide_free":0,"show_hidden":0},"3":{"title":"featured items","number":4,"show":"featured","orderby":"date","order":"desc","hide_free":0,"show_hidden":0},"4":{"title":"Products Featured","number":6,"show":"","orderby":"date","order":"desc","hide_free":0,"show_hidden":0},"_multiwidget":1},"woocommerce_recently_viewed_products":{"_multiwidget":1},"woocommerce_top_rated_products":{"_multiwidget":1},"woocommerce_recent_reviews":{"_multiwidget":1},"woocommerce_rating_filter":{"_multiwidget":1},"mc4wp_form_widget":{"_multiwidget":1}}}