[{"id":1387,"title":"test Variable","url":"https:\/\/dev.products-filter.com\/shop\/uncategorized\/test-variable\/","sku":"","price":[{"regular":"23","sale":""},{"regular":"111","sale":""},{"regular":"45","sale":""}],"key_words":"Red; S, M, XXXL","term_ids":"  24 149 147 151 186 192 ","meta_data":{"test":"4"}},{"id":99,"title":"Charcoal semi-plain slim fit trouser tes't","url":"https:\/\/dev.products-filter.com\/shop\/clothing\/man\/trousers\/woo-single-2\/","img":"\/wp-content\/uploads\/2013\/06\/Charcoal-semi-plain-slim-fit-trouser-416x416.jpg","sku":"177","price":[{"regular":"23","sale":""}],"key_words":"Trousers; Black, White, Mix 1, Maroon; XL, XXL, XXXL; D50%, D60%","term_ids":"  175 23 25 38 179 28 29 151 114 115 190 9 80 88 142 73 109 ","meta_data":{"test":"1"}},{"id":96,"title":"Flag-Print Fleece-Back Jersey Sweatshirt","url":"https:\/\/dev.products-filter.com\/shop\/sweatshirt\/woo-album-4\/","img":"\/wp-content\/uploads\/2013\/06\/Flag-Print-Fleece-Back-Jersey-Sweatshirt-416x434.jpg","sku":"277","price":[{"regular":"35","sale":"30"}],"key_words":"Sweaters; Orange, Purple, Pink; XS, S; D60%, D70%","term_ids":"  174 177 180 181 148 149 115 116 185 191 105 144 56 109 ","meta_data":{"test":"test2"}},{"id":93,"title":"Leather Biker Jacket","url":"https:\/\/dev.products-filter.com\/shop\/clothing\/man\/leather-biker-jacket\/","img":"\/wp-content\/uploads\/2013\/06\/Leather-Biker-Jacket-416x739.jpg","sku":"377","price":[{"regular":"120","sale":""}],"key_words":"Jackets; Green; L, XXXL; D80%, D90%, D100%","term_ids":"  170 26 27 151 117 118 119 186 9 89 80 32 73 109 ","meta_data":{"test":"4"}},{"id":90,"title":"Green removable collar Zin jacket","url":"https:\/\/dev.products-filter.com\/shop\/clothing\/man\/green-removable-collar-zin-jacket\/","img":"\/wp-content\/uploads\/2013\/06\/Green-removable-collar-Zin-jacket.jpg","sku":"4077","price":[{"regular":"45","sale":""}],"key_words":"Jackets; Red; XL; D60%, D70%, D80%","term_ids":"  170 24 28 115 116 117 189 9 89 80 146 56 ","meta_data":{"test":"test3"}},{"id":87,"title":"Black Oversized American Flag T-Shirt tes't JJ","url":"https:\/\/dev.products-filter.com\/shop\/clothing\/man\/trousers\/black-oversized-american-flag-t-shirt\/","img":"\/wp-content\/uploads\/2013\/06\/Black-Oversized-American-Flag-T-Shirt.jpg","sku":"77","price":[{"regular":"9","sale":""}],"key_words":"T-shirt; Red, White, Mix 2; XXL; D30%, D40%","term_ids":"  176 24 25 39 29 112 113 190 9 14 88 31 73 76 ","meta_data":{"test":"test4"}},{"id":83,"title":"Drifter jacket structured grey SKU CC","url":"https:\/\/dev.products-filter.com\/shop\/clothing\/man\/drifter-jacket-structured-grey\/","img":"\/wp-content\/uploads\/2013\/06\/Drifter-jacket-structured-grey-416x665.jpg","sku":"comon","price":[{"regular":"70","sale":""}],"key_words":"Jackets; White, Green, Mix 3; S; D60%, D80%","term_ids":"  170 25 26 40 149 115 117 185 9 89 80 142 73 109 ","meta_data":{"test":"34"}},{"id":76,"title":"hello","url":"https:\/\/dev.products-filter.com\/shop\/clothing\/man\/trousers\/hello\/","img":"\/wp-content\/uploads\/2013\/06\/Jeans-Skinny.jpg","sku":"","price":[{"regular":"9","sale":""}],"key_words":"Trousers; White, Green, Mix 2; XL; D60%, D70%","term_ids":"  175 25 26 39 28 115 116 190 9 80 88 32 73 76 109 ","meta_data":{"test":"85"}},{"id":73,"title":"Scotch & Soda Twisted Shawl Yarn Pullover","url":"https:\/\/dev.products-filter.com\/shop\/clothing\/man\/pullover\/scotch-soda-twisted-shawl-yarn-pullover\/","img":"\/wp-content\/uploads\/2013\/06\/Scotch-Soda-Twisted-Shawl-Yarn-Pullover-416x485.jpg","sku":"","price":[{"regular":"55","sale":"45"}],"key_words":"Sweaters; White, Green, Mix 3; XL, XXL; D90%, D100%","term_ids":"  174 25 26 40 28 29 118 119 188 9 80 82 145 146 56 73 109 ","meta_data":[]},{"id":70,"title":"Fluro Jacquard Skater Dress","url":"https:\/\/dev.products-filter.com\/shop\/clothing\/wooman\/dress\/fluro-jacquard-skater-dress\/","img":"\/wp-content\/uploads\/2013\/06\/Fluro-Jacquard-Skater-Dress-416x531.jpg","sku":"test","price":[{"regular":"15","sale":"12"}],"key_words":"Dresses; Black, Brown, Orange; L, XL; D30%, D40%","term_ids":"  173 23 178 177 27 28 112 113 190 61 78 66 31 76 ","meta_data":[]},{"id":67,"title":"Glamorous Shift Shirt Dress with Scallop Collar in Feather Print","url":"https:\/\/dev.products-filter.com\/shop\/clothing\/wooman\/dress\/glamorous-shift-shirt-dress-with-scallop-collar-in-feather-print\/","img":"\/wp-content\/uploads\/2013\/06\/Glamorous-Shift-Shirt-Dress-with-Scallop-Collar-in-Feather-Print-416x531.jpg","sku":"","price":[{"regular":"15","sale":""}],"key_words":"Dresses; White; L","term_ids":"  173 25 27 61 75 66 30 ","meta_data":[]},{"id":60,"title":"Swing T-Shirt Dress In Acid Wash","url":"https:\/\/dev.products-filter.com\/shop\/uncategorized\/swing-t-shirt-dress-in-acid-wash\/","img":"\/wp-content\/uploads\/2013\/06\/Swing-T-Shirt-Dress-In-Acid-Wash-416x531.jpg","sku":"","price":[{"regular":"29","sale":""}],"key_words":"Dresses, Skirts; Red, Green; XL, XXL; D30%","term_ids":"  173 172 24 26 28 29 112 190 192 143 76 ","meta_data":[]},{"id":56,"title":"Cami Slip Dress Logro\u00f1o","url":"https:\/\/dev.products-filter.com\/shop\/clothing\/wooman\/slip-dress\/cami-slip-dress\/","img":"\/wp-content\/uploads\/2013\/06\/Cami-Slip-Dress-416x531.jpg","sku":"","price":[{"regular":"23","sale":""}],"key_words":"Dresses; Green, White; XL; D10%, D20%, D30%","term_ids":"  173 26 25 28 110 111 112 190 9 64 66 31 144 146 76 ","meta_data":[]},{"id":53,"title":"Pullover Happy Ninja","url":"https:\/\/dev.products-filter.com\/shop\/clothing\/man\/pullover\/pullover-happy-ninja\/","img":"\/wp-content\/uploads\/2013\/06\/hoodie_4_front-416x416.jpg","sku":"","price":[{"regular":"32","sale":""}],"key_words":"Jackets; Mix 1, Green, Orange, Purple, Maroon; M; D60%, D70%, D80%","term_ids":"  170 38 26 177 180 179 147 115 116 117 189 9 80 82 31 145 73 109 ","meta_data":[]},{"id":47,"title":"Pullover Woo Ninja","url":"https:\/\/dev.products-filter.com\/shop\/clothing\/man\/pullover\/pullover-woo-ninja\/","img":"\/wp-content\/uploads\/2013\/06\/hoodie_2_front-416x416.jpg","sku":"","price":[{"regular":"35","sale":""}],"key_words":"Jackets; Red, White, Mix 3; XL, XXL; D60%","term_ids":"  170 24 25 40 28 29 115 190 9 80 82 66 73 109 ","meta_data":[]},{"id":40,"title":"Red bat t-shirt","url":"https:\/\/dev.products-filter.com\/shop\/t-shirts\/t-shirt-original\/red-bat-t-shirt\/","img":"\/wp-content\/uploads\/2013\/06\/t-shirt-2-416x421.jpg","sku":"","price":[{"regular":"35.2","sale":""},{"regular":"35","sale":"30"}],"key_words":"T-shirt; Black, Mix 1, Blue, Yellow; S, M, L; D20%, D30%","term_ids":"  176 23 38 58 68 149 147 27 111 112 190 9 80 37 14 66 143 73 ","meta_data":[]},{"id":37,"title":"T-shirt Happy Ninja","url":"https:\/\/dev.products-filter.com\/shop\/t-shirts\/t-shirt-original\/t-shirt-happy-ninja\/","img":"\/wp-content\/uploads\/2013\/06\/T_7_front-416x416.jpg","sku":"","price":[{"regular":"18","sale":""}],"key_words":"T-shirt; Green, Brown, Purple; L, XL; D30%, D40%","term_ids":"  176 26 178 180 27 28 112 113 186 191 37 14 144 76 ","meta_data":[]},{"id":34,"title":"T-shirt Woo Ninja","url":"https:\/\/dev.products-filter.com\/shop\/t-shirts\/t-shirt-original\/t-shirt-woo-ninja\/","img":"\/wp-content\/uploads\/2013\/06\/T_6_front-416x416.jpg","sku":"","price":[{"regular":"20","sale":""}],"key_words":"T-shirt; White, Green; XS, S, M; D40%","term_ids":"  176 25 26 148 149 147 113 186 37 14 76 ","meta_data":[]},{"id":31,"title":"T-shirt Ninja Silhouette","url":"https:\/\/dev.products-filter.com\/shop\/t-shirts\/t-shirt-original\/t-shirt-ninja-silhouette\/","img":"\/wp-content\/uploads\/2013\/06\/t-shirt-9-416x416.jpg","sku":"","price":[{"regular":"25","sale":""}],"key_words":"T-shirt; White, Mix 3; XXL; D40%, D50%","term_ids":"  176 25 40 29 113 114 191 37 14 32 76 ","meta_data":[]},{"id":22,"title":"T-shirt Ship Your Idea","url":"https:\/\/dev.products-filter.com\/shop\/t-shirts\/t-shirt-ship-your-idea\/","img":"\/wp-content\/uploads\/2013\/06\/t-shirt-10.jpg","sku":"","price":[{"regular":"20","sale":""},{"regular":"20","sale":""}],"key_words":"Shirts; Blue, Pink; XS, XXL; D30%, D50%","term_ids":"  171 58 181 148 29 112 114 190 14 73 76 ","meta_data":[]},{"id":19,"title":"T-shirt Premium Quality - VAR JJ","url":"https:\/\/dev.products-filter.com\/shop\/t-shirts\/t-shirt-original\/t-shirt-premium-quality\/","img":"\/wp-content\/uploads\/2013\/06\/T_2_front-416x416.jpg","sku":"","price":[{"regular":"15","sale":""},{"regular":"500","sale":""},{"regular":"300","sale":""}],"key_words":"Shirts; Red, Purple, Pink; XXS; D10%, D20%, D30%","term_ids":"  171 24 180 181 150 110 111 112 191 37 14 30 76 ","meta_data":[]},{"id":15,"title":"T-shirt Woo Logo Red test","url":"https:\/\/dev.products-filter.com\/shop\/t-shirts\/t-shirt-original\/t-shirt-woo-logo-red\/","img":"\/wp-content\/uploads\/2013\/06\/T_1_front-416x416.jpg","sku":"","price":[{"regular":"21","sale":""},{"regular":"23","sale":""}],"key_words":"Shirts; Black, Red, Blue; L, XL; D10%, D50%","term_ids":"  171 23 24 58 27 28 110 114 190 37 14 144 73 76 ","meta_data":[]}]